question,taxa_acerto,num_submissoes,taxa_aceitacao,num_testes,num_consultas,num_erros,num_erros_lgcs,num_errors_stx,num_eventos,num_eventos_del,tempo_implementacao,num_std_sem_submissao,qtd_alteracoes_codigo
1002,1.0,1.25,0.8,8.0625,9.3125,0.25,0.125,0.125,72.625,7.8125,0.0,2.0,151.75
1020,0.9,6.75,0.13333333333333333,18.0,24.75,5.85,1.35,4.5,820.45,123.95,88.00961111111093,14.0,537.25
1023,0.9375,3.1875,0.29411764705882354,12.0,15.1875,2.25,1.875,0.375,451.3125,57.625,55.75380000000002,2.0,408.1875
1025,0.9444444444444444,1.7777777777777777,0.53125,13.166666666666666,14.944444444444445,0.8333333333333334,0.4444444444444444,0.3888888888888889,310.3888888888889,39.05555555555556,0.0,5.0,494.1666666666667
1027,0.8928571428571429,5.517857142857143,0.16181229773462782,22.732142857142858,28.25,4.625,1.3571428571428572,3.267857142857143,955.0357142857143,65.39285714285714,164.85414000000014,26.0,371.75
1028,0.8214285714285714,7.178571428571429,0.11442786069651742,23.446428571428573,30.625,6.357142857142857,3.732142857142857,2.625,1413.7142857142858,125.98214285714286,172.32252173913076,43.0,613.4285714285714
1029,0.75,4.265625,0.17582417582417584,20.265625,24.53125,3.515625,1.40625,2.109375,1262.046875,90.734375,96.52856249999967,35.0,448.0625
1030,0.8103448275862069,6.603448275862069,0.1227154046997389,23.275862068965516,29.879310344827587,5.793103448275862,2.2241379310344827,3.5689655172413794,1332.3275862068965,121.43103448275862,167.6032978723397,34.0,434.7758620689655
1031,0.8,6.888888888888889,0.11612903225806452,19.57777777777778,26.466666666666665,6.088888888888889,1.5777777777777777,4.511111111111111,906.8222222222222,78.4888888888889,195.368916666666,21.0,500.64444444444445
1032,0.8360655737704918,5.295081967213115,0.15789473684210525,13.655737704918034,18.950819672131146,4.459016393442623,2.1311475409836067,2.3278688524590163,987.688524590164,93.06557377049181,150.41572549019432,26.0,313.5245901639344
1033,0.7931034482758621,7.517241379310345,0.10550458715596331,18.310344827586206,25.82758620689655,6.724137931034483,4.172413793103448,2.5517241379310347,584.8620689655172,94.75862068965517,90.542304347826,13.0,445.3448275862069
1034,0.8571428571428571,4.142857142857143,0.20689655172413793,18.964285714285715,23.107142857142858,3.2857142857142856,1.1071428571428572,2.1785714285714284,554.8928571428571,97.57142857142857,56.91950000000002,14.0,402.0
1035,0.8064516129032258,2.870967741935484,0.2808988764044944,8.935483870967742,11.806451612903226,2.064516129032258,0.9032258064516129,1.1612903225806452,310.4516129032258,50.70967741935484,11.216280000000001,3.0,242.70967741935485
1036,0.88,3.84,0.22916666666666666,16.32,20.16,2.96,1.36,1.6,420.88,70.32,110.88422727272713,6.0,380.16
1037,0.7307692307692307,2.576923076923077,0.2835820895522388,17.423076923076923,20.0,1.8461538461538463,0.46153846153846156,1.3846153846153846,609.1538461538462,90.46153846153847,49.895,5.0,382.2307692307692
1038,0.7727272727272727,6.863636363636363,0.11258278145695365,17.90909090909091,24.772727272727273,6.090909090909091,2.909090909090909,3.1818181818181817,672.0,114.0,0.0,3.0,432.59090909090907
1080,0.9230769230769231,11.115384615384615,0.08304498269896193,14.384615384615385,25.5,10.192307692307692,8.5,1.6923076923076923,671.8461538461538,84.34615384615384,51.74512500000002,7.0,396.96153846153845
1081,0.9803921568627451,4.0588235294117645,0.24154589371980675,10.27450980392157,14.333333333333334,3.0784313725490198,2.235294117647059,0.8431372549019608,461.45098039215685,57.35294117647059,114.32107999999992,16.0,230.33333333333334
1082,0.9642857142857143,3.2142857142857144,0.3,13.5,16.714285714285715,2.25,1.25,1.0,524.25,63.17857142857143,129.05274074074046,12.0,343.64285714285717
1083,0.96875,4.0,0.2421875,11.375,15.375,3.03125,2.28125,0.75,562.25,71.375,27.59177419354839,20.0,279.9375
1084,0.9655172413793104,4.827586206896552,0.2,13.551724137931034,18.379310344827587,3.8620689655172415,1.896551724137931,1.9655172413793103,756.1379310344828,96.41379310344827,194.68835714285706,10.0,362.0344827586207
1085,0.9714285714285714,2.8285714285714287,0.3434343434343434,7.514285714285714,10.342857142857143,1.8571428571428572,1.457142857142857,0.4,592.7142857142857,59.91428571428571,114.91435294117642,11.0,216.8
1086,1.0,2.911764705882353,0.3434343434343434,9.411764705882353,12.323529411764707,1.911764705882353,1.3235294117647058,0.5882352941176471,533.7647058823529,64.47058823529412,52.5476764705882,9.0,279.02941176470586
1087,0.9736842105263158,4.2894736842105265,0.22699386503067484,12.131578947368421,16.42105263157895,3.3157894736842106,2.1315789473684212,1.1842105263157894,535.3421052631579,56.60526315789474,142.8910270270269,25.0,356.55263157894734
1088,0.975,5.8,0.16810344827586207,11.3,17.1,4.825,3.275,1.55,661.35,68.375,106.88471794871788,19.0,338.9
1089,0.967741935483871,8.419354838709678,0.11494252873563218,12.258064516129032,20.677419354838708,7.451612903225806,6.096774193548387,1.3548387096774193,737.8387096774194,103.64516129032258,192.60783333333376,15.0,379.64516129032256
1090,0.9259259259259259,7.0,0.13227513227513227,12.185185185185185,19.185185185185187,6.074074074074074,4.111111111111111,1.962962962962963,606.6666666666666,75.29629629629629,95.81227999999996,20.0,425.5925925925926
1091,1.0,6.27027027027027,0.15948275862068967,16.405405405405407,22.675675675675677,5.27027027027027,4.4324324324324325,0.8378378378378378,508.9189189189189,55.972972972972975,269.17894594594577,13.0,373.3243243243243
1092,0.8064516129032258,7.096774193548387,0.11363636363636363,16.29032258064516,23.387096774193548,6.290322580645161,5.129032258064516,1.1612903225806452,837.7096774193549,94.19354838709677,286.46927999999974,28.0,571.3225806451613
1093,0.88,6.46,0.13622291021671826,13.52,19.98,5.58,4.68,0.9,562.66,69.48,172.54820454545444,38.0,374.14
1094,0.8157894736842105,4.7631578947368425,0.1712707182320442,18.973684210526315,23.736842105263158,3.9473684210526314,3.263157894736842,0.6842105263157895,773.8157894736842,117.13157894736842,142.90251612903216,27.0,508.60526315789474
1095,0.8888888888888888,8.166666666666666,0.10884353741496598,15.5,23.666666666666668,7.277777777777778,6.194444444444445,1.0833333333333333,767.0277777777778,98.47222222222223,313.7042499999999,28.0,570.0
1096,0.6923076923076923,9.461538461538462,0.07317073170731707,23.153846153846153,32.61538461538461,8.76923076923077,7.384615384615385,1.3846153846153846,1036.1025641025642,132.74358974358975,225.92829629629648,38.0,724.6153846153846
1097,0.8695652173913043,5.608695652173913,0.15503875968992248,13.195652173913043,18.804347826086957,4.739130434782608,4.086956521739131,0.6521739130434783,656.6304347826087,84.1086956521739,352.85779999999966,27.0,348.1521739130435
1098,0.8604651162790697,5.837209302325581,0.14741035856573706,15.093023255813954,20.930232558139537,4.976744186046512,4.255813953488372,0.7209302325581395,528.4883720930233,67.5813953488372,85.11427027027025,41.0,354.51162790697674
1109,0.5806451612903226,5.967741935483871,0.0972972972972973,21.580645161290324,27.548387096774192,5.387096774193548,4.354838709677419,1.032258064516129,1412.225806451613,162.48387096774192,93.12749999999987,18.0,1355.483870967742
1111,0.6363636363636364,7.0,0.09090909090909091,21.696969696969695,28.696969696969695,6.363636363636363,4.121212121212121,2.242424242424242,1338.878787878788,165.5151515151515,298.01738095238034,28.0,1579.4545454545455
1113,0.75,5.142857142857143,0.14583333333333334,17.821428571428573,22.964285714285715,4.392857142857143,3.857142857142857,0.5357142857142857,1605.2142857142858,167.35714285714286,533.1489047619046,11.0,1706.4285714285713
1114,0.6086956521739131,10.043478260869565,0.06060606060606061,18.956521739130434,29.0,9.434782608695652,8.0,1.434782608695652,1462.2173913043478,195.0,254.76278571428603,29.0,1410.5217391304348
1115,0.8235294117647058,11.205882352941176,0.07349081364829396,25.735294117647058,36.94117647058823,10.382352941176471,8.147058823529411,2.235294117647059,1215.4705882352941,134.6764705882353,411.91503571428467,14.0,1523.0882352941176
1117,0.47058823529411764,7.470588235294118,0.06299212598425197,22.764705882352942,30.235294117647058,7.0,5.411764705882353,1.588235294117647,1867.7058823529412,213.7058823529412,0.0,13.0,2953.529411764706
1119,0.86,5.02,0.17131474103585656,8.54,13.56,4.16,3.24,0.92,806.6,89.0,75.51206976744186,11.0,575.86
1120,0.9130434782608695,4.043478260869565,0.22580645161290322,9.043478260869565,13.08695652173913,3.130434782608696,2.739130434782609,0.391304347826087,608.8695652173913,76.34782608695652,81.98504761904763,5.0,399.1304347826087
1122,0.9473684210526315,3.4210526315789473,0.27692307692307694,13.421052631578947,16.842105263157894,2.473684210526316,2.0526315789473686,0.42105263157894735,1268.657894736842,177.6315789473684,199.3813888888884,15.0,796.1315789473684
1125,1.0,5.818181818181818,0.171875,10.863636363636363,16.681818181818183,4.818181818181818,3.090909090909091,1.7272727272727273,787.2272727272727,115.18181818181819,123.12413636363631,11.0,483.1363636363636
1126,0.9,3.066666666666667,0.29347826086956524,11.8,14.866666666666667,2.1666666666666665,1.5,0.6666666666666666,622.0333333333333,84.86666666666666,130.55692592592587,10.0,530.6
1127,0.9705882352941176,2.823529411764706,0.34375,6.529411764705882,9.352941176470589,1.8529411764705883,1.5294117647058822,0.3235294117647059,748.6470588235294,104.5,91.24160606060545,16.0,413.11764705882354
1146,0.9310344827586207,2.4482758620689653,0.38028169014084506,7.172413793103448,9.620689655172415,1.5172413793103448,1.2413793103448276,0.27586206896551724,721.5862068965517,100.10344827586206,91.79107407407403,20.0,380.3448275862069
1147,0.896551724137931,3.6206896551724137,0.24761904761904763,9.03448275862069,12.655172413793103,2.7241379310344827,2.310344827586207,0.41379310344827586,738.5172413793103,89.96551724137932,238.92311538461496,16.0,589.6551724137931
1148,0.9230769230769231,3.0256410256410255,0.3050847457627119,9.58974358974359,12.615384615384615,2.1025641025641026,1.6666666666666667,0.4358974358974359,913.1794871794872,104.33333333333333,144.99661111111092,15.0,737.8974358974359
1149,0.9642857142857143,3.2142857142857144,0.3,8.892857142857142,12.107142857142858,2.25,2.0,0.25,866.9285714285714,109.07142857142857,121.89859259259255,13.0,543.8571428571429
1285,0.9117647058823529,2.823529411764706,0.3229166666666667,11.411764705882353,14.235294117647058,1.911764705882353,1.3529411764705883,0.5588235294117647,857.7941176470588,116.29411764705883,571.8828709677409,8.0,517.1470588235294
1286,0.896551724137931,5.068965517241379,0.17687074829931973,19.482758620689655,24.551724137931036,4.172413793103448,2.8620689655172415,1.3103448275862069,1048.9310344827586,120.06896551724138,810.0123461538454,5.0,993.3448275862069
1287,0.96,3.36,0.2857142857142857,9.64,13.0,2.4,1.88,0.52,826.92,89.56,971.6245833333327,3.0,451.72
1288,0.8235294117647058,2.8823529411764706,0.2857142857142857,11.411764705882353,14.294117647058824,2.0588235294117645,1.588235294117647,0.47058823529411764,1021.0588235294117,110.88235294117646,1073.6031428571425,4.0,606.2941176470588
1289,0.9310344827586207,3.586206896551724,0.25961538461538464,10.655172413793103,14.241379310344827,2.6551724137931036,1.1379310344827587,1.5172413793103448,1051.1724137931035,108.10344827586206,1114.0688888888885,4.0,725.7241379310345
1290,0.7837837837837838,4.513513513513513,0.17365269461077845,20.45945945945946,24.972972972972972,3.72972972972973,2.8378378378378377,0.8918918918918919,1393.6486486486488,173.59459459459458,723.7064137931023,35.0,968.8108108108108
1291,0.9,5.033333333333333,0.17880794701986755,14.2,19.233333333333334,4.133333333333334,2.933333333333333,1.2,1060.1,119.03333333333333,873.4428518518513,16.0,540.5666666666667
1292,0.918918918918919,3.1621621621621623,0.2905982905982906,13.243243243243244,16.405405405405407,2.2432432432432434,1.4864864864864864,0.7567567567567568,941.8378378378378,112.02702702702703,700.8792352941177,12.0,610.5405405405405
1293,0.8666666666666667,3.2666666666666666,0.2653061224489796,14.866666666666667,18.133333333333333,2.4,1.4333333333333333,0.9666666666666667,958.3,100.93333333333334,937.5571538461531,8.0,733.0
1294,0.8888888888888888,3.962962962962963,0.22429906542056074,12.592592592592593,16.555555555555557,3.074074074074074,1.5555555555555556,1.5185185185185186,1041.5555555555557,121.51851851851852,1044.8644166666652,16.0,647.2222222222222
1296,0.7435897435897436,4.743589743589744,0.15675675675675677,10.0,14.743589743589743,4.0,2.2564102564102564,1.7435897435897436,834.0769230769231,102.1025641025641,779.4746896551719,14.0,444.9230769230769
1297,0.8,2.25,0.35555555555555557,8.15,10.4,1.45,1.05,0.4,824.95,88.0,651.8065625,8.0,364.2
1298,0.8,4.0,0.2,10.1,14.1,3.2,1.75,1.45,748.4,82.6,711.7461249999996,3.0,389.7
1349,0.6111111111111112,5.555555555555555,0.11,26.166666666666668,31.72222222222222,4.944444444444445,3.7777777777777777,1.1666666666666667,985.7777777777778,96.33333333333333,350.553363636362,5.0,605.8888888888889
1350,0.8125,3.8125,0.21311475409836064,10.0625,13.875,3.0,1.625,1.375,644.5625,48.125,149.51038461538445,9.0,343.6875
1354,0.7,3.5,0.2,15.05,18.55,2.8,1.3,1.5,621.25,65.95,141.64128571428574,5.0,336.0
1356,0.8333333333333334,10.722222222222221,0.07772020725388601,13.555555555555555,24.27777777777778,9.88888888888889,1.8333333333333333,8.055555555555555,1335.888888888889,121.16666666666667,216.93279999999916,4.0,419.05555555555554
1361,0.6956521739130435,3.6739130434782608,0.1893491124260355,18.08695652173913,21.76086956521739,2.9782608695652173,0.8260869565217391,2.152173913043478,1049.7173913043478,123.06521739130434,815.0759374999996,5.0,805.695652173913
1362,0.9,2.075,0.43373493975903615,8.45,10.525,1.175,0.475,0.7,477.85,54.55,463.39130555555545,11.0,241.125
1363,0.8863636363636364,2.909090909090909,0.3046875,11.840909090909092,14.75,2.022727272727273,1.2727272727272727,0.75,676.3636363636364,75.25,642.4734102564098,10.0,357.6363636363636
1364,0.8518518518518519,4.018518518518518,0.2119815668202765,14.38888888888889,18.40740740740741,3.1666666666666665,0.7407407407407407,2.425925925925926,879.4629629629629,72.31481481481481,274.09639130434755,22.0,425.94444444444446
1365,0.7894736842105263,3.491228070175439,0.22613065326633167,12.824561403508772,16.31578947368421,2.7017543859649122,1.280701754385965,1.4210526315789473,1021.3684210526316,79.36842105263158,375.1191777777764,12.0,330.36842105263156
1366,0.8653846153846154,3.9615384615384617,0.21844660194174756,16.115384615384617,20.076923076923077,3.0961538461538463,1.4038461538461537,1.6923076923076923,1069.3846153846155,92.36538461538461,448.3088000000005,14.0,485.4807692307692
1367,0.5813953488372093,4.395348837209302,0.13227513227513227,18.53488372093023,22.930232558139537,3.813953488372093,2.697674418604651,1.1162790697674418,1137.9302325581396,167.97674418604652,918.1635599999988,7.0,787.4418604651163
1368,0.48148148148148145,3.6296296296296298,0.1326530612244898,15.37037037037037,19.0,3.1481481481481484,1.5185185185185186,1.6296296296296295,938.5555555555555,135.44444444444446,837.0306153846149,4.0,510.6296296296296
1369,0.6842105263157895,4.315789473684211,0.15853658536585366,17.86842105263158,22.18421052631579,3.6315789473684212,0.8421052631578947,2.789473684210526,1108.6052631578948,159.42105263157896,903.7241538461537,14.0,730.3684210526316
1370,0.868421052631579,1.8421052631578947,0.4714285714285714,6.7631578947368425,8.605263157894736,0.9736842105263158,0.42105263157894735,0.5526315789473685,562.421052631579,57.973684210526315,566.3936969696966,13.0,262.60526315789474
1371,0.7380952380952381,2.9761904761904763,0.248,15.095238095238095,18.071428571428573,2.238095238095238,0.7619047619047619,1.4761904761904763,903.1904761904761,136.71428571428572,644.3098387096767,8.0,523.0714285714286
1372,0.7419354838709677,2.6451612903225805,0.2804878048780488,13.32258064516129,15.96774193548387,1.903225806451613,0.6451612903225806,1.2580645161290323,1093.9354838709678,175.7741935483871,758.871782608694,9.0,612.7096774193549
1379,0.7647058823529411,3.588235294117647,0.21311475409836064,10.176470588235293,13.764705882352942,2.823529411764706,2.1176470588235294,0.7058823529411765,617.0,68.3529411764706,206.4129999999996,4.0,269.29411764705884
1390,0.8933333333333333,4.906666666666666,0.18206521739130435,11.64,16.546666666666667,4.013333333333334,1.7466666666666666,2.2666666666666666,468.84,53.2,149.2887462686566,21.0,356.24
1391,0.9102564102564102,2.6666666666666665,0.34134615384615385,7.8076923076923075,10.474358974358974,1.7564102564102564,1.3461538461538463,0.41025641025641024,368.7435897435897,41.61538461538461,99.66119718309858,15.0,176.55128205128204
1392,0.8289473684210527,5.25,0.15789473684210525,10.802631578947368,16.05263157894737,4.421052631578948,1.5263157894736843,2.8947368421052633,639.1842105263158,77.40789473684211,135.66168253968237,16.0,253.72368421052633
1393,0.8714285714285714,3.9857142857142858,0.21863799283154123,8.728571428571428,12.714285714285714,3.1142857142857143,2.4857142857142858,0.6285714285714286,383.2142857142857,42.9,122.78350819672124,25.0,181.8
1394,0.7761194029850746,9.08955223880597,0.08538587848932677,18.104477611940297,27.19402985074627,8.313432835820896,6.850746268656716,1.462686567164179,806.0,106.16417910447761,195.46623076923058,42.0,463.05970149253733
1395,0.7037037037037037,6.12962962962963,0.1148036253776435,23.59259259259259,29.72222222222222,5.425925925925926,4.444444444444445,0.9814814814814815,873.3333333333334,111.9074074074074,284.0469210526313,17.0,555.6296296296297
1396,0.8252427184466019,6.407766990291262,0.12878787878787878,14.640776699029127,21.04854368932039,5.58252427184466,2.3689320388349513,3.2135922330097086,626.0097087378641,80.62135922330097,144.87484705882352,56.0,308.0
1397,0.6923076923076923,3.6923076923076925,0.1875,15.846153846153847,19.53846153846154,3.0,2.276923076923077,0.7230769230769231,899.9384615384615,97.70769230769231,221.69275555555532,31.0,388.6461538461538
1398,0.8333333333333334,4.476190476190476,0.18617021276595744,15.226190476190476,19.702380952380953,3.642857142857143,2.8214285714285716,0.8214285714285714,669.2857142857143,81.05952380952381,167.30857142857118,35.0,348.0833333333333
1399,0.7368421052631579,4.631578947368421,0.1590909090909091,19.789473684210527,24.42105263157895,3.8947368421052633,3.0526315789473686,0.8421052631578947,1042.561403508772,147.26315789473685,405.8029999999999,34.0,784.4912280701755
1400,0.6808510638297872,5.9787234042553195,0.11387900355871886,13.446808510638299,19.425531914893618,5.297872340425532,4.191489361702128,1.1063829787234043,804.0,89.31914893617021,747.8768124999993,12.0,447.4255319148936
1401,0.7954545454545454,6.545454545454546,0.12152777777777778,12.772727272727273,19.318181818181817,5.75,4.636363636363637,1.1136363636363635,779.1818181818181,109.45454545454545,602.2085428571427,4.0,416.72727272727275
1402,0.8913043478260869,2.630434782608696,0.33884297520661155,9.76086956521739,12.391304347826088,1.7391304347826086,1.434782608695652,0.30434782608695654,611.3260869565217,80.43478260869566,500.8560975609754,12.0,272.8695652173913
1403,0.9148936170212766,3.4893617021276597,0.2621951219512195,9.425531914893616,12.914893617021276,2.574468085106383,1.9361702127659575,0.6382978723404256,602.468085106383,69.04255319148936,568.8816744186043,9.0,261.3404255319149
1404,0.9210526315789473,2.473684210526316,0.3723404255319149,7.131578947368421,9.605263157894736,1.5526315789473684,1.0789473684210527,0.47368421052631576,559.8947368421053,61.18421052631579,597.2769428571422,16.0,287.2894736842105
1405,0.8666666666666667,4.2,0.20634920634920634,7.7,11.9,3.3333333333333335,2.8333333333333335,0.5,537.6,61.7,452.84823076923084,14.0,228.7
1406,0.868421052631579,3.1052631578947367,0.2796610169491525,10.289473684210526,13.394736842105264,2.236842105263158,1.263157894736842,0.9736842105263158,650.6052631578947,81.97368421052632,727.9928787878788,5.0,270.86842105263156
1407,0.6818181818181818,9.318181818181818,0.07317073170731707,13.681818181818182,23.0,8.636363636363637,7.863636363636363,0.7727272727272727,911.8409090909091,112.79545454545455,931.9521999999994,9.0,403.1363636363636
1408,0.8888888888888888,2.7555555555555555,0.3225806451612903,6.688888888888889,9.444444444444445,1.8666666666666667,1.3333333333333333,0.5333333333333333,588.2888888888889,72.37777777777778,422.54574999999977,17.0,206.62222222222223
1409,0.7916666666666666,3.3958333333333335,0.2331288343558282,8.416666666666666,11.8125,2.6041666666666665,1.4583333333333333,1.1458333333333333,750.8125,77.77083333333333,676.5535263157892,12.0,362.1458333333333
1521,0.42857142857142855,3.7142857142857144,0.11538461538461539,16.428571428571427,20.142857142857142,3.2857142857142856,2.0357142857142856,1.25,846.6071428571429,106.07142857142857,751.8659999999995,5.0,353.07142857142856
1522,0.5483870967741935,3.5161290322580645,0.1559633027522936,16.93548387096774,20.451612903225808,2.967741935483871,2.2580645161290325,0.7096774193548387,776.741935483871,99.61290322580645,630.0497647058821,10.0,339.96774193548384
1523,0.8378378378378378,7.216216216216216,0.11610486891385768,19.972972972972972,27.18918918918919,6.378378378378378,5.702702702702703,0.6756756756756757,859.8378378378378,109.48648648648648,873.4677741935483,7.0,454.2162162162162
1524,0.6857142857142857,4.742857142857143,0.14457831325301204,14.085714285714285,18.82857142857143,4.057142857142857,3.057142857142857,1.0,655.6,87.68571428571428,601.817458333333,13.0,245.71428571428572
1525,0.5806451612903226,6.645161290322581,0.08737864077669903,17.806451612903224,24.451612903225808,6.064516129032258,5.580645161290323,0.4838709677419355,625.9032258064516,83.45161290322581,497.8594444444441,2.0,383.96774193548384
1526,0.90625,2.875,0.31521739130434784,14.625,17.5,1.96875,1.75,0.21875,664.25,88.625,717.7437586206889,4.0,307.96875
1527,0.6818181818181818,6.545454545454546,0.10416666666666667,14.909090909090908,21.454545454545453,5.863636363636363,5.0,0.8636363636363636,839.5909090909091,106.81818181818181,894.6710666666667,6.0,433.40909090909093
1528,0.6538461538461539,11.5,0.056856187290969896,14.5,26.0,10.846153846153847,9.73076923076923,1.1153846153846154,731.0384615384615,100.07692307692308,657.4807647058818,9.0,291.61538461538464
1529,0.6666666666666666,11.74074074074074,0.056782334384858045,19.74074074074074,31.48148148148148,11.074074074074074,8.814814814814815,2.259259259259259,1015.5185185185185,130.8148148148148,536.1908888888879,7.0,576.4074074074074
1530,0.6388888888888888,3.5833333333333335,0.17829457364341086,19.02777777777778,22.61111111111111,2.9444444444444446,1.2777777777777777,1.6666666666666667,880.1666666666666,115.63888888888889,437.7938260869563,18.0,611.5555555555555
1531,0.582089552238806,5.1940298507462686,0.11206896551724138,32.28358208955224,37.47761194029851,4.611940298507463,3.7761194029850746,0.835820895522388,907.1641791044776,113.61194029850746,431.4452051282046,24.0,782.9850746268656
1532,0.7017543859649122,2.807017543859649,0.25,22.473684210526315,25.280701754385966,2.1052631578947367,1.6666666666666667,0.43859649122807015,592.6666666666666,67.73684210526316,237.13164999999998,50.0,518.4561403508771
1533,0.625,5.4,0.11574074074074074,21.65,27.05,4.775,3.8,0.975,668.825,70.8,524.5808799999996,15.0,467.55
1534,0.7291666666666666,3.0208333333333335,0.2413793103448276,23.895833333333332,26.916666666666668,2.2916666666666665,1.4791666666666667,0.8125,700.5833333333334,80.22916666666667,337.9885142857145,19.0,612.4583333333334
1535,0.7301587301587301,5.507936507936508,0.13256484149855907,21.253968253968253,26.761904761904763,4.777777777777778,3.3015873015873014,1.4761904761904763,673.7936507936508,73.03174603174604,286.8420652173911,41.0,444.26984126984127
1536,0.5918367346938775,5.612244897959184,0.10545454545454545,29.816326530612244,35.42857142857143,5.020408163265306,4.040816326530612,0.9795918367346939,747.0408163265306,89.83673469387755,567.2271034482754,20.0,598.6530612244898
1537,0.7037037037037037,4.37037037037037,0.16101694915254236,27.444444444444443,31.814814814814813,3.6666666666666665,1.037037037037037,2.6296296296296298,776.425925925926,81.5925925925926,462.29999999999984,23.0,618.0925925925926
1538,0.5116279069767442,2.5348837209302326,0.2018348623853211,22.790697674418606,25.325581395348838,2.0232558139534884,1.558139534883721,0.46511627906976744,785.4883720930233,89.27906976744185,470.13954545454544,24.0,449.69767441860466
1539,0.7391304347826086,4.217391304347826,0.17525773195876287,17.347826086956523,21.565217391304348,3.4782608695652173,2.1739130434782608,1.3043478260869565,559.5652173913044,57.369565217391305,579.4244117647058,26.0,320.9347826086956
1540,0.6037735849056604,4.962264150943396,0.12167300380228137,26.245283018867923,31.20754716981132,4.3584905660377355,3.830188679245283,0.5283018867924528,818.6981132075472,98.54716981132076,539.7586874999994,25.0,600.1132075471698
1593,0.5862068965517241,8.482758620689655,0.06910569105691057,35.89655172413793,44.37931034482759,7.896551724137931,5.758620689655173,2.1379310344827585,1315.0344827586207,199.55172413793105,331.52388235294137,36.0,1074.0344827586207
1594,0.7922077922077922,4.675324675324675,0.16944444444444445,16.857142857142858,21.532467532467532,3.883116883116883,2.4415584415584415,1.4415584415584415,599.3766233766233,88.06493506493507,191.24385245901632,36.0,422.3246753246753
1595,0.7246376811594203,7.3478260869565215,0.09861932938856016,20.507246376811594,27.855072463768117,6.6231884057971016,4.3478260869565215,2.2753623188405796,996.6811594202899,183.4927536231884,132.12117999999992,41.0,733.3478260869565
1596,0.8253968253968254,6.031746031746032,0.1368421052631579,25.015873015873016,31.047619047619047,5.2063492063492065,4.0,1.2063492063492063,945.6031746031746,140.17460317460316,245.85605769230753,23.0,774.1904761904761
1597,0.855072463768116,4.826086956521739,0.17717717717717718,15.289855072463768,20.115942028985508,3.971014492753623,1.6666666666666667,2.3043478260869565,655.768115942029,91.94202898550725,324.9487457627116,37.0,407.84057971014494
1598,0.7674418604651163,7.290697674418604,0.10526315789473684,23.267441860465116,30.558139534883722,6.523255813953488,4.534883720930233,1.9883720930232558,808.4186046511628,106.1046511627907,88.18115151515148,39.0,793.0232558139535
1599,0.8144329896907216,3.0412371134020617,0.2677966101694915,17.15463917525773,20.195876288659793,2.2268041237113403,0.9278350515463918,1.2989690721649485,820.7422680412371,97.68041237113403,157.38350632911389,56.0,499.69072164948454
1600,0.8260869565217391,5.666666666666667,0.14578005115089515,17.666666666666668,23.333333333333332,4.840579710144928,2.1739130434782608,2.6666666666666665,877.3478260869565,94.21739130434783,186.50835087719264,18.0,575.1739130434783
1601,0.7903225806451613,6.096774193548387,0.12962962962962962,19.048387096774192,25.14516129032258,5.306451612903226,2.0161290322580645,3.2903225806451615,586.9032258064516,84.5,330.31416326530575,33.0,377.6774193548387
1602,0.8490566037735849,3.943396226415094,0.215311004784689,12.358490566037736,16.30188679245283,3.0943396226415096,2.2641509433962264,0.8301886792452831,441.1320754716981,61.39622641509434,173.34402222222218,21.0,231.77358490566039
1603,0.7916666666666666,3.375,0.2345679012345679,10.6875,14.0625,2.5833333333333335,1.7291666666666667,0.8541666666666666,461.5833333333333,58.541666666666664,271.38381578947366,12.0,490.8958333333333
1604,0.65625,3.71875,0.17647058823529413,9.875,13.59375,3.0625,2.46875,0.59375,495.25,54.40625,96.95676190476183,15.0,392.0
1605,0.7096774193548387,5.290322580645161,0.13414634146341464,17.419354838709676,22.70967741935484,4.580645161290323,3.3548387096774195,1.2258064516129032,807.1935483870968,114.16129032258064,290.5364090909098,5.0,720.1935483870968
1606,0.5,2.3666666666666667,0.2112676056338028,20.3,22.666666666666668,1.8666666666666667,1.2333333333333334,0.6333333333333333,795.0,117.06666666666666,670.1496666666644,7.0,779.7
1607,0.5185185185185185,6.777777777777778,0.07650273224043716,20.74074074074074,27.51851851851852,6.2592592592592595,2.7777777777777777,3.4814814814814814,830.2592592592592,105.07407407407408,264.3374999999998,15.0,725.3703703703703
1608,0.7857142857142857,3.857142857142857,0.2037037037037037,11.714285714285714,15.571428571428571,3.0714285714285716,2.4642857142857144,0.6071428571428571,509.42857142857144,64.46428571428571,190.8153181818181,10.0,264.14285714285717
1609,0.4090909090909091,6.954545454545454,0.058823529411764705,30.272727272727273,37.22727272727273,6.545454545454546,4.7272727272727275,1.8181818181818181,1519.6363636363637,207.3181818181818,629.0687777777785,24.0,1107.7272727272727
1610,0.92,1.92,0.4791666666666667,9.76,11.68,1.0,0.32,0.68,335.96,57.16,87.81526086956522,6.0,265.84
1611,0.72,2.08,0.34615384615384615,19.28,21.36,1.36,0.96,0.4,890.04,123.64,192.9270000000001,4.0,963.12
1613,0.625,5.375,0.11627906976744186,14.28125,19.65625,4.75,2.1875,2.5625,1120.40625,143.125,550.5931499999986,8.0,979.75
1614,0.6521739130434783,4.6521739130434785,0.14018691588785046,16.67391304347826,21.32608695652174,4.0,1.673913043478261,2.3260869565217392,1345.5434782608695,154.06521739130434,1179.1402999999996,8.0,1214.4565217391305
1615,0.5476190476190477,6.642857142857143,0.08243727598566308,18.5,25.142857142857142,6.095238095238095,4.166666666666667,1.9285714285714286,1492.0714285714287,167.45238095238096,1053.4157391304348,30.0,1393.8809523809523
1616,0.40540540540540543,4.54054054054054,0.08928571428571429,15.864864864864865,20.405405405405407,4.135135135135135,1.4864864864864864,2.6486486486486487,1110.2972972972973,130.02702702702703,879.2675333333331,23.0,1249.8918918918919
1617,0.5666666666666667,6.566666666666666,0.08629441624365482,12.933333333333334,19.5,6.0,2.2,3.8,1148.0333333333333,143.36666666666667,802.8180588235291,16.0,866.6333333333333
1618,0.2413793103448276,3.9310344827586206,0.06140350877192982,25.862068965517242,29.79310344827586,3.689655172413793,1.896551724137931,1.793103448275862,1248.6896551724137,165.79310344827587,1495.6554285714285,3.0,924.2413793103449
1619,0.4838709677419355,3.2580645161290325,0.1485148514851485,11.483870967741936,14.741935483870968,2.774193548387097,1.096774193548387,1.6774193548387097,949.4516129032259,130.38709677419354,829.0815333333344,15.0,540.8064516129032
1620,0.9,2.09,0.430622009569378,6.99,9.08,1.19,0.7,0.49,513.07,55.91,443.83236666666664,36.0,299.21
1621,0.56,3.52,0.1590909090909091,20.1,23.62,2.96,0.96,2.0,1419.82,185.14,975.7813928571419,12.0,1152.5
1622,0.925,2.1,0.44047619047619047,6.75,8.85,1.175,0.525,0.65,589.1,67.45,703.6998648648644,13.0,208.475
1639,0.8253968253968254,2.492063492063492,0.33121019108280253,20.825396825396826,23.317460317460316,1.6666666666666667,1.1587301587301588,0.5079365079365079,770.2698412698413,85.6984126984127,244.758846153846,24.0,669.8412698412699
1640,0.5961538461538461,2.3846153846153846,0.25,25.326923076923077,27.71153846153846,1.7884615384615385,1.1538461538461537,0.6346153846153846,1483.8461538461538,159.1153846153846,443.7715161290315,26.0,806.6346153846154
1641,0.7413793103448276,2.310344827586207,0.3208955223880597,22.879310344827587,25.189655172413794,1.5689655172413792,1.0344827586206897,0.5344827586206896,1276.7068965517242,127.43103448275862,562.0820232558129,21.0,661.1551724137931
1642,0.8264462809917356,3.9669421487603307,0.20833333333333334,13.776859504132231,17.74380165289256,3.1404958677685952,1.3553719008264462,1.7851239669421488,821.7190082644628,81.77685950413223,432.3281399999997,27.0,424.8264462809917
1643,0.7692307692307693,5.038461538461538,0.15267175572519084,21.365384615384617,26.403846153846153,4.269230769230769,1.0961538461538463,3.173076923076923,762.6538461538462,98.25,306.44504999999987,23.0,544.3846153846154
1644,0.6081081081081081,4.972972972972973,0.12228260869565218,29.986486486486488,34.95945945945946,4.364864864864865,2.7837837837837838,1.5810810810810811,1311.2432432432433,165.0,411.56853333333333,36.0,901.9864864864865
1645,0.7090909090909091,4.4363636363636365,0.1598360655737705,22.563636363636363,27.0,3.727272727272727,1.5636363636363637,2.1636363636363636,1138.2363636363636,109.2,381.53561538461474,26.0,665.9818181818182
1646,0.8245614035087719,4.631578947368421,0.17803030303030304,25.157894736842106,29.789473684210527,3.807017543859649,1.6666666666666667,2.1403508771929824,1213.5438596491229,131.33333333333334,613.8776808510638,15.0,715.578947368421
1647,0.7142857142857143,5.571428571428571,0.1282051282051282,21.928571428571427,27.5,4.857142857142857,2.5357142857142856,2.3214285714285716,1281.9642857142858,135.75,251.8694249999998,18.0,665.5892857142857
1648,0.7021276595744681,5.617021276595745,0.125,33.08510638297872,38.702127659574465,4.914893617021277,2.9361702127659575,1.9787234042553192,1507.1489361702127,171.82978723404256,563.6948484848476,25.0,938.0
1649,0.8640776699029126,3.087378640776699,0.279874213836478,12.563106796116505,15.650485436893204,2.2233009708737863,1.174757281553398,1.0485436893203883,928.9417475728155,106.33980582524272,586.0101123595492,35.0,648.504854368932
1650,0.9,2.857142857142857,0.315,11.614285714285714,14.471428571428572,1.957142857142857,0.9285714285714286,1.0285714285714285,811.6428571428571,86.24285714285715,411.4534444444442,35.0,657.0571428571428
1651,0.8181818181818182,2.9696969696969697,0.2755102040816326,13.878787878787879,16.848484848484848,2.1515151515151514,0.7878787878787878,1.3636363636363635,1037.6969696969697,114.0,471.43312962962915,16.0,821.0454545454545
1652,0.859375,3.0,0.2864583333333333,11.859375,14.859375,2.140625,1.203125,0.9375,699.40625,78.59375,446.1868727272727,15.0,707.921875
1653,0.9125,3.15,0.2896825396825397,11.7375,14.8875,2.2375,1.1375,1.1,963.125,101.8875,424.70264383561533,24.0,582.7125
1654,0.8641975308641975,3.765432098765432,0.22950819672131148,11.74074074074074,15.506172839506172,2.9012345679012346,1.8148148148148149,1.0864197530864197,911.3086419753087,110.79012345679013,458.26914285714236,20.0,718.4691358024692
1655,0.8795180722891566,2.3132530120481927,0.3802083333333333,10.096385542168674,12.409638554216867,1.4337349397590362,0.8433734939759037,0.5903614457831325,921.843373493976,95.71084337349397,430.3987397260261,26.0,624.0843373493976
1656,0.8846153846153846,4.089743589743589,0.21630094043887146,12.923076923076923,17.012820512820515,3.2051282051282053,1.4743589743589745,1.7307692307692308,827.6025641025641,86.94871794871794,468.82739130434703,27.0,727.9230769230769
1657,0.8243243243243243,3.175675675675676,0.25957446808510637,9.378378378378379,12.554054054054054,2.3513513513513513,1.2297297297297298,1.1216216216216217,840.6486486486486,97.45945945945945,548.2597868852455,21.0,459.13513513513516
1658,0.8586956521739131,4.086956521739131,0.21010638297872342,13.456521739130435,17.543478260869566,3.2282608695652173,1.5543478260869565,1.673913043478261,934.8913043478261,103.19565217391305,446.7187721518986,37.0,607.3260869565217
1709,0.75,4.555555555555555,0.16463414634146342,17.0,21.555555555555557,3.8055555555555554,1.9444444444444444,1.8611111111111112,791.8611111111111,94.27777777777777,430.19159259259226,28.0,552.1111111111111
1710,0.9347826086956522,3.847826086956522,0.24293785310734464,12.347826086956522,16.195652173913043,2.9130434782608696,1.0217391304347827,1.891304347826087,602.1739130434783,80.08695652173913,205.6852790697674,28.0,463.9130434782609
1711,0.5185185185185185,6.777777777777778,0.07650273224043716,23.814814814814813,30.59259259259259,6.2592592592592595,3.7777777777777777,2.4814814814814814,1055.111111111111,131.85185185185185,267.60371428571426,15.0,864.2222222222222
1713,0.75,3.575,0.2097902097902098,16.525,20.1,2.825,1.575,1.25,575.15,71.975,287.94999999999976,18.0,531.8
1714,0.8918918918918919,3.2162162162162162,0.2773109243697479,18.324324324324323,21.54054054054054,2.324324324324324,1.4324324324324325,0.8918918918918919,713.3783783783783,105.16216216216216,142.24842424242428,13.0,502.64864864864865
1715,0.7428571428571429,4.057142857142857,0.18309859154929578,10.17142857142857,14.228571428571428,3.3142857142857145,1.4857142857142858,1.8285714285714285,445.22857142857146,60.34285714285714,284.6572307692308,4.0,317.8285714285714
1716,0.9428571428571428,4.2,0.22448979591836735,8.485714285714286,12.685714285714285,3.257142857142857,2.6285714285714286,0.6285714285714286,436.42857142857144,52.48571428571429,96.6328181818181,11.0,405.45714285714286
1717,0.8125,3.15625,0.25742574257425743,11.5625,14.71875,2.34375,1.75,0.59375,366.53125,39.875,46.77757692307689,12.0,415.375
1718,0.868421052631579,4.184210526315789,0.20754716981132076,12.578947368421053,16.763157894736842,3.3157894736842106,2.289473684210526,1.0263157894736843,660.6842105263158,86.6842105263158,109.32657575757567,12.0,559.2368421052631
1719,0.5555555555555556,5.0,0.1111111111111111,31.77777777777778,36.77777777777778,4.444444444444445,2.3333333333333335,2.111111111111111,1519.2222222222222,222.44444444444446,185.06510000000048,8.0,1094.2777777777778
1720,0.4,9.6,0.041666666666666664,26.7,36.3,9.2,7.75,1.45,994.55,118.5,372.21700000000004,12.0,818.95
1721,0.7619047619047619,5.095238095238095,0.14953271028037382,20.047619047619047,25.142857142857142,4.333333333333333,1.7619047619047619,2.5714285714285716,756.4285714285714,110.71428571428571,121.7695,17.0,706.0952380952381
1722,0.5882352941176471,2.4705882352941178,0.23809523809523808,16.0,18.470588235294116,1.8823529411764706,1.0,0.8823529411764706,620.4705882352941,78.41176470588235,218.41860000000003,15.0,581.5882352941177
1723,0.7333333333333333,3.8666666666666667,0.1896551724137931,15.466666666666667,19.333333333333332,3.1333333333333333,1.9333333333333333,1.2,759.8666666666667,121.73333333333333,174.15754545454521,17.0,624.7
1724,0.782608695652174,2.3043478260869565,0.33962264150943394,13.173913043478262,15.478260869565217,1.5217391304347827,0.9565217391304348,0.5652173913043478,521.7391304347826,65.6086956521739,285.6338888888892,4.0,368.2173913043478
1725,0.78125,2.0,0.390625,9.65625,11.65625,1.21875,0.125,1.09375,333.40625,43.9375,105.53716000000004,17.0,331.90625
1726,0.7368421052631579,5.078947368421052,0.14507772020725387,20.157894736842106,25.236842105263158,4.342105263157895,2.263157894736842,2.0789473684210527,787.6578947368421,111.42105263157895,164.07317857142843,18.0,804.1052631578947
1727,0.6923076923076923,5.584615384615384,0.12396694214876033,20.323076923076922,25.907692307692308,4.892307692307693,1.876923076923077,3.0153846153846153,880.9692307692308,122.32307692307693,112.67313333333325,46.0,818.4923076923077
1728,0.47619047619047616,11.785714285714286,0.04040404040404041,21.11904761904762,32.904761904761905,11.30952380952381,8.785714285714286,2.5238095238095237,1290.3333333333333,224.45238095238096,447.9785999999998,19.0,913.547619047619
1833,0.8269230769230769,4.076923076923077,0.2028301886792453,14.673076923076923,18.75,3.25,2.1346153846153846,1.1153846153846154,644.3653846153846,78.75,476.9386976744183,12.0,394.5769230769231
1834,0.8611111111111112,4.722222222222222,0.18235294117647058,11.416666666666666,16.13888888888889,3.861111111111111,1.2222222222222223,2.638888888888889,668.8888888888889,85.86111111111111,473.6712903225801,15.0,339.22222222222223
1835,0.96875,2.34375,0.41333333333333333,9.125,11.46875,1.375,0.46875,0.90625,379.28125,45.34375,386.00635483870946,3.0,153.46875
1836,0.7837837837837838,3.891891891891892,0.2013888888888889,14.27027027027027,18.16216216216216,3.108108108108108,1.6486486486486487,1.4594594594594594,528.0,68.35135135135135,632.5471724137931,16.0,260.56756756756755
1837,0.9310344827586207,1.6896551724137931,0.5510204081632653,4.896551724137931,6.586206896551724,0.7586206896551724,0.13793103448275862,0.6206896551724138,272.9310344827586,30.93103448275862,267.02392592592594,3.0,120.72413793103448
1838,0.9473684210526315,2.8421052631578947,0.3333333333333333,5.973684210526316,8.81578947368421,1.894736842105263,1.5526315789473684,0.34210526315789475,484.0,46.63157894736842,400.39269444444403,6.0,231.71052631578948
1839,0.8947368421052632,4.2368421052631575,0.2111801242236025,10.763157894736842,15.0,3.3421052631578947,2.6578947368421053,0.6842105263157895,566.4736842105264,68.60526315789474,552.0902647058819,12.0,246.0
1840,0.7777777777777778,2.888888888888889,0.2692307692307692,10.666666666666666,13.555555555555555,2.111111111111111,0.6666666666666666,1.4444444444444444,737.3888888888889,102.25,548.1679285714282,12.0,364.80555555555554
1841,0.6071428571428571,7.285714285714286,0.08333333333333333,17.285714285714285,24.571428571428573,6.678571428571429,4.392857142857143,2.2857142857142856,680.8571428571429,79.42857142857143,816.3198823529398,7.0,342.17857142857144
1842,0.7647058823529411,3.7941176470588234,0.20155038759689922,14.205882352941176,18.0,3.0294117647058822,1.7352941176470589,1.2941176470588236,605.4411764705883,76.23529411764706,521.7107307692303,6.0,313.02941176470586
1937,0.8461538461538461,4.435897435897436,0.1907514450867052,19.0,23.435897435897434,3.58974358974359,1.9230769230769231,1.6666666666666667,992.8205128205128,129.53846153846155,994.2564242424238,9.0,644.9230769230769
1938,0.8857142857142857,4.0,0.22142857142857142,14.142857142857142,18.142857142857142,3.1142857142857143,2.4571428571428573,0.6571428571428571,920.1428571428571,120.02857142857142,782.6424838709673,6.0,516.1142857142858
1939,0.90625,3.59375,0.25217391304347825,11.28125,14.875,2.6875,1.28125,1.40625,791.625,95.40625,693.730206896551,7.0,417.0625
1940,0.8275862068965517,5.310344827586207,0.15584415584415584,16.620689655172413,21.93103448275862,4.482758620689655,3.4482758620689653,1.0344827586206897,1030.5862068965516,141.27586206896552,950.4072499999987,5.0,467.3103448275862
1941,0.8823529411764706,5.411764705882353,0.16304347826086957,13.882352941176471,19.294117647058822,4.529411764705882,3.676470588235294,0.8529411764705882,852.6470588235294,115.91176470588235,850.8131666666666,5.0,436.44117647058823
1942,0.8181818181818182,7.848484848484849,0.10424710424710425,18.333333333333332,26.181818181818183,7.03030303030303,4.515151515151516,2.515151515151515,941.4242424242424,129.03030303030303,843.5243703703703,4.0,468.57575757575756
1943,0.8076923076923077,5.384615384615385,0.15,14.423076923076923,19.807692307692307,4.576923076923077,2.730769230769231,1.8461538461538463,1017.6923076923077,138.03846153846155,1119.908761904761,3.0,535.4230769230769
1944,0.875,7.1875,0.12173913043478261,17.71875,24.90625,6.3125,4.90625,1.40625,910.875,112.4375,845.7297857142848,7.0,529.40625
1945,0.8536585365853658,5.804878048780488,0.14705882352941177,15.341463414634147,21.146341463414632,4.951219512195122,3.6341463414634148,1.3170731707317074,937.0731707317074,121.97560975609755,777.4078857142849,12.0,639.0243902439024
1946,0.9285714285714286,3.75,0.24761904761904763,8.107142857142858,11.857142857142858,2.8214285714285716,1.0714285714285714,1.75,761.4285714285714,88.35714285714286,908.9502307692303,9.0,323.2142857142857
1977,0.7272727272727273,5.606060606060606,0.12972972972972974,8.818181818181818,14.424242424242424,4.878787878787879,4.606060606060606,0.2727272727272727,1233.6666666666667,154.8181818181818,916.6285833333324,6.0,527.1818181818181
1978,0.7307692307692307,8.807692307692308,0.08296943231441048,15.615384615384615,24.423076923076923,8.076923076923077,7.6923076923076925,0.38461538461538464,1416.2692307692307,160.69230769230768,1018.6854736842078,5.0,1021.0769230769231
1979,0.8,3.72,0.21505376344086022,10.92,14.64,2.92,2.04,0.88,1043.68,123.76,760.9431499999993,4.0,464.68
1980,0.5882352941176471,5.4411764705882355,0.10810810810810811,14.0,19.441176470588236,4.852941176470588,3.264705882352941,1.588235294117647,1389.4411764705883,194.73529411764707,747.9683999999983,8.0,778.1470588235294
1981,0.7317073170731707,6.0,0.12195121951219512,14.073170731707316,20.073170731707318,5.2682926829268295,4.609756097560975,0.6585365853658537,1500.0731707317073,194.0731707317073,1136.7619333333303,16.0,933.5853658536586
1982,0.8648648648648649,5.0,0.17297297297297298,12.891891891891891,17.89189189189189,4.135135135135135,3.2162162162162162,0.918918918918919,1249.5675675675675,152.51351351351352,935.2385624999979,6.0,774.4324324324324
1983,0.6875,5.78125,0.11891891891891893,15.90625,21.6875,5.09375,4.5625,0.53125,1503.625,166.75,970.8999090909081,14.0,1103.8125
1984,0.6842105263157895,6.315789473684211,0.10833333333333334,13.68421052631579,20.0,5.631578947368421,4.368421052631579,1.263157894736842,1359.3157894736842,168.94736842105263,900.0757692307658,3.0,850.0
1985,0.6451612903225806,6.903225806451613,0.09345794392523364,18.774193548387096,25.677419354838708,6.258064516129032,4.903225806451613,1.3548387096774193,1793.2903225806451,235.4516129032258,1054.1948999999984,8.0,1677.3225806451612
1986,0.7142857142857143,6.75,0.10582010582010581,16.428571428571427,23.178571428571427,6.035714285714286,5.178571428571429,0.8571428571428571,1548.4642857142858,207.10714285714286,964.5452000000005,3.0,1106.7857142857142
1987,0.8285714285714286,5.914285714285715,0.14009661835748793,13.17142857142857,19.085714285714285,5.085714285714285,2.914285714285714,2.1714285714285713,1174.0,128.8,715.1916896551706,6.0,644.8
1988,0.8484848484848485,6.878787878787879,0.12334801762114538,17.696969696969695,24.575757575757574,6.03030303030303,4.909090909090909,1.121212121212121,1143.7878787878788,130.75757575757575,929.6473571428552,7.0,762.7272727272727
1989,0.7954545454545454,6.909090909090909,0.11513157894736842,14.75,21.65909090909091,6.113636363636363,4.818181818181818,1.2954545454545454,1084.6818181818182,138.77272727272728,852.0897142857134,11.0,611.4090909090909
1990,0.8529411764705882,9.029411764705882,0.09446254071661238,14.411764705882353,23.441176470588236,8.176470588235293,7.470588235294118,0.7058823529411765,1104.9705882352941,127.05882352941177,730.9913793103439,8.0,934.3823529411765
1991,0.8484848484848485,5.484848484848484,0.15469613259668508,15.606060606060606,21.09090909090909,4.636363636363637,3.8484848484848486,0.7878787878787878,1208.090909090909,137.24242424242425,905.806142857141,6.0,815.2727272727273
1992,0.825,7.925,0.10410094637223975,15.85,23.775,7.1,6.55,0.55,1098.45,131.1,1003.2404848484831,7.0,870.575
1993,0.6666666666666666,7.291666666666667,0.09142857142857143,14.708333333333334,22.0,6.625,5.041666666666667,1.5833333333333333,1075.3333333333333,117.0,781.0559999999994,6.0,816.7916666666666
1994,0.7777777777777778,4.416666666666667,0.1761006289308176,11.916666666666666,16.333333333333332,3.638888888888889,3.1944444444444446,0.4444444444444444,1036.3333333333333,109.08333333333333,693.6508214285705,12.0,656.1666666666666
1995,0.7222222222222222,6.388888888888889,0.11304347826086956,16.52777777777778,22.916666666666668,5.666666666666667,4.972222222222222,0.6944444444444444,1160.2777777777778,128.13888888888889,1004.7733846153837,10.0,869.6111111111111
1996,0.8611111111111112,5.611111111111111,0.15346534653465346,14.916666666666666,20.52777777777778,4.75,4.166666666666667,0.5833333333333334,1089.111111111111,117.08333333333333,966.880064516128,14.0,714.25
2030,0.7021276595744681,3.3404255319148937,0.21019108280254778,20.51063829787234,23.851063829787233,2.6382978723404253,1.2553191489361701,1.3829787234042554,1059.0425531914893,103.74468085106383,386.3237575757577,16.0,581.8723404255319
2031,0.8805970149253731,2.8507462686567164,0.3089005235602094,12.686567164179104,15.537313432835822,1.9701492537313432,1.0746268656716418,0.8955223880597015,710.5671641791045,65.91044776119404,347.5876610169491,12.0,356.9850746268657
2032,0.8076923076923077,2.9038461538461537,0.2781456953642384,19.21153846153846,22.115384615384617,2.0961538461538463,1.3269230769230769,0.7692307692307693,770.9230769230769,84.1923076923077,333.87692857142815,17.0,428.38461538461536
2033,0.78125,3.09375,0.25252525252525254,19.53125,22.625,2.3125,1.1875,1.125,915.03125,137.25,508.04675999999904,14.0,682.71875
2034,0.8571428571428571,2.9464285714285716,0.2909090909090909,12.892857142857142,15.839285714285714,2.0892857142857144,1.1964285714285714,0.8928571428571429,422.375,55.82142857142857,240.7473125,14.0,285.6607142857143
2035,0.8529411764705882,3.426470588235294,0.24892703862660945,20.38235294117647,23.808823529411764,2.573529411764706,1.588235294117647,0.9852941176470589,720.8088235294117,86.26470588235294,311.89443103448247,35.0,587.8235294117648
2036,0.6923076923076923,3.269230769230769,0.21176470588235294,20.78846153846154,24.057692307692307,2.576923076923077,1.5192307692307692,1.0576923076923077,716.6153846153846,89.76923076923077,343.86919444444385,27.0,632.3461538461538
2037,0.7692307692307693,4.75,0.16194331983805668,19.153846153846153,23.903846153846153,3.980769230769231,3.0384615384615383,0.9423076923076923,964.5961538461538,106.8076923076923,272.9511749999997,24.0,495.0576923076923
2038,0.8518518518518519,2.814814814814815,0.3026315789473684,16.617283950617285,19.432098765432098,1.962962962962963,0.9259259259259259,1.037037037037037,756.0123456790124,89.91358024691358,401.928333333333,32.0,501.51851851851853
2039,0.68,2.78,0.2446043165467626,19.82,22.6,2.1,1.04,1.06,702.7,99.4,339.96167647058803,21.0,595.52
2121,0.9411764705882353,2.8823529411764706,0.32653061224489793,8.176470588235293,11.058823529411764,1.9411764705882353,0.9117647058823529,1.0294117647058822,707.8235294117648,78.0,646.8969374999995,3.0,369.5882352941176
2122,0.96875,2.4375,0.3974358974358974,9.0,11.4375,1.46875,0.78125,0.6875,606.3125,68.9375,659.1320322580639,8.0,371.5
2123,0.9459459459459459,3.7837837837837838,0.25,10.162162162162161,13.945945945945946,2.8378378378378377,1.7297297297297298,1.1081081081081081,765.5135135135135,89.4054054054054,820.2690285714278,12.0,498.13513513513516
2124,0.9032258064516129,4.67741935483871,0.19310344827586207,15.806451612903226,20.483870967741936,3.774193548387097,2.6774193548387095,1.096774193548387,946.9354838709677,119.0,1018.1486071428557,12.0,789.6451612903226
2125,0.9565217391304348,3.5652173913043477,0.2682926829268293,14.173913043478262,17.73913043478261,2.608695652173913,1.4782608695652173,1.1304347826086956,919.9130434782609,109.91304347826087,962.7343181818168,6.0,721.3478260869565
2126,1.0,3.03125,0.32989690721649484,8.21875,11.25,2.03125,1.0,1.03125,654.09375,66.90625,759.2001249999995,7.0,372.375
2127,0.8285714285714286,5.4,0.15343915343915343,15.914285714285715,21.314285714285713,4.571428571428571,3.6,0.9714285714285714,959.7714285714286,135.6,1016.7507931034477,12.0,629.3428571428572
2128,0.9,5.2,0.17307692307692307,17.966666666666665,23.166666666666668,4.3,3.0,1.3,1085.0666666666666,138.03333333333333,847.209555555555,6.0,816.3333333333334
2129,0.9393939393939394,3.3333333333333335,0.2818181818181818,9.787878787878787,13.121212121212121,2.393939393939394,1.4848484848484849,0.9090909090909091,760.5757575757576,96.18181818181819,705.3586129032249,9.0,525.4545454545455
2130,0.967741935483871,3.129032258064516,0.30927835051546393,9.161290322580646,12.290322580645162,2.161290322580645,1.5483870967741935,0.6129032258064516,714.4516129032259,83.87096774193549,682.7863333333321,8.0,363.9032258064516
2146,0.5,2.5,0.2,13.95,16.45,2.0,0.65,1.35,816.65,110.6,672.3801999999994,5.0,419.0
2147,0.631578947368421,4.0,0.15789473684210525,16.473684210526315,20.473684210526315,3.3684210526315788,2.4210526315789473,0.9473684210526315,1078.5263157894738,146.52631578947367,939.5586666666649,4.0,752.6842105263158
2148,1.0,2.0476190476190474,0.4883720930232558,18.476190476190474,20.523809523809526,1.0476190476190477,0.9047619047619048,0.14285714285714285,727.9047619047619,97.9047619047619,768.7576666666666,1.0,452.2857142857143
2149,0.7,2.75,0.2545454545454545,8.5,11.25,2.05,1.2,0.85,772.2,97.4,939.7744285714277,7.0,248.5
2150,0.8571428571428571,4.809523809523809,0.1782178217821782,11.380952380952381,16.19047619047619,3.9523809523809526,3.0952380952380953,0.8571428571428571,722.6666666666666,106.66666666666667,627.7438333333336,1.0,450.85714285714283
2152,0.782608695652174,4.521739130434782,0.17307692307692307,10.521739130434783,15.043478260869565,3.739130434782609,1.826086956521739,1.9130434782608696,732.5217391304348,99.91304347826087,854.2092777777768,7.0,464.0869565217391
2153,0.8076923076923077,3.5,0.23076923076923078,11.346153846153847,14.846153846153847,2.6923076923076925,1.7307692307692308,0.9615384615384616,711.1923076923077,90.15384615384616,708.1739523809518,9.0,391.65384615384613
2155,0.631578947368421,5.421052631578948,0.11650485436893204,11.473684210526315,16.894736842105264,4.7894736842105265,2.210526315789474,2.5789473684210527,1615.421052631579,199.89473684210526,1469.8603333333303,4.0,1012.578947368421
2176,0.8181818181818182,5.136363636363637,0.1592920353982301,16.227272727272727,21.363636363636363,4.318181818181818,2.3636363636363638,1.9545454545454546,910.7727272727273,124.63636363636364,878.1752777777779,9.0,755.4545454545455
2177,0.6666666666666666,6.083333333333333,0.1095890410958904,22.5,28.583333333333332,5.416666666666667,4.25,1.1666666666666667,1741.0833333333333,152.625,1025.1519999999985,4.0,705.875
2178,0.813953488372093,3.883720930232558,0.20958083832335328,10.837209302325581,14.720930232558139,3.0697674418604652,1.5813953488372092,1.4883720930232558,834.5116279069767,75.23255813953489,456.8707142857139,11.0,367.83720930232556
2179,0.8461538461538461,9.115384615384615,0.09282700421940929,15.73076923076923,24.846153846153847,8.26923076923077,4.269230769230769,4.0,1333.2692307692307,121.03846153846153,1058.17868181818,12.0,753.0769230769231
2180,0.5263157894736842,5.315789473684211,0.09900990099009901,19.105263157894736,24.42105263157895,4.7894736842105265,1.894736842105263,2.8947368421052633,1527.3684210526317,157.21052631578948,989.3966999999977,10.0,699.9473684210526
2181,0.7027027027027027,5.5675675675675675,0.1262135922330097,17.0,22.56756756756757,4.864864864864865,1.945945945945946,2.918918918918919,1310.4594594594594,117.89189189189189,864.8067692307675,10.0,573.081081081081
2182,0.7222222222222222,4.722222222222222,0.15294117647058825,17.444444444444443,22.166666666666668,4.0,2.7222222222222223,1.2777777777777777,1012.1666666666666,135.77777777777777,1142.1521538461543,4.0,501.55555555555554
2183,0.6875,6.4375,0.10679611650485436,21.875,28.3125,5.75,3.0625,2.6875,1270.5,170.0625,1215.7255454545445,8.0,870.6875
2216,0.7297297297297297,6.702702702702703,0.10887096774193548,20.62162162162162,27.324324324324323,5.972972972972973,2.5675675675675675,3.4054054054054053,1226.8918918918919,117.08108108108108,999.7433703703764,11.0,907.6756756756756
2217,0.5897435897435898,7.256410256410256,0.0812720848056537,18.871794871794872,26.128205128205128,6.666666666666667,3.4358974358974357,3.230769230769231,1332.4615384615386,144.15384615384616,937.677913043477,20.0,631.5384615384615
2218,0.7575757575757576,6.696969696969697,0.11312217194570136,13.151515151515152,19.848484848484848,5.9393939393939394,2.6363636363636362,3.303030303030303,806.4242424242424,97.48484848484848,661.637879999999,20.0,411.969696969697
2219,0.6060606060606061,5.545454545454546,0.1092896174863388,14.666666666666666,20.21212121212121,4.9393939393939394,3.303030303030303,1.6363636363636365,854.030303030303,81.78787878787878,784.8215999999983,10.0,535.5757575757576
2301,0.7428571428571429,2.342857142857143,0.3170731707317073,10.771428571428572,13.114285714285714,1.6,0.8,0.8,971.2,47.57142857142857,111.64942307692294,9.0,259.54285714285714
2429,0.8928571428571429,1.25,0.7142857142857143,7.428571428571429,8.678571428571429,0.35714285714285715,0.2857142857142857,0.07142857142857142,223.46428571428572,36.785714285714285,0.0,4.0,261.07142857142856
2430,0.9130434782608695,1.608695652173913,0.5675675675675675,9.304347826086957,10.91304347826087,0.6956521739130435,0.6956521739130435,0.0,247.2173913043478,34.04347826086956,37.044999999999995,5.0,206.08695652173913
2431,0.9629629629629629,2.2962962962962963,0.41935483870967744,6.888888888888889,9.185185185185185,1.3333333333333333,0.7777777777777778,0.5555555555555556,294.55555555555554,49.925925925925924,0.10407692307692308,3.0,249.85185185185185
2432,0.9523809523809523,1.7380952380952381,0.547945205479452,4.761904761904762,6.5,0.7857142857142857,0.6666666666666666,0.11904761904761904,234.9047619047619,32.42857142857143,43.269699999999986,14.0,184.95238095238096
2433,0.8620689655172413,5.344827586206897,0.16129032258064516,12.10344827586207,17.448275862068964,4.482758620689655,3.8275862068965516,0.6551724137931034,517.6206896551724,82.82758620689656,14.14956,9.0,439.8965517241379
2434,0.8888888888888888,2.5925925925925926,0.34285714285714286,5.185185185185185,7.777777777777778,1.7037037037037037,0.5925925925925926,1.1111111111111112,208.22222222222223,30.555555555555557,41.72737499999993,2.0,197.14814814814815
2435,0.8076923076923077,2.5384615384615383,0.3181818181818182,9.346153846153847,11.884615384615385,1.7307692307692308,1.1538461538461537,0.5769230769230769,249.5,32.46153846153846,42.021142857142856,6.0,282.03846153846155
2436,0.7352941176470589,2.8823529411764706,0.25510204081632654,11.823529411764707,14.705882352941176,2.1470588235294117,1.7352941176470589,0.4117647058823529,361.3529411764706,57.1764705882353,112.17139999999996,8.0,318.0882352941176
2437,0.5714285714285714,4.928571428571429,0.11594202898550725,17.571428571428573,22.5,4.357142857142857,4.0476190476190474,0.30952380952380953,688.8571428571429,112.23809523809524,63.77808333333337,18.0,367.35714285714283
2438,0.8709677419354839,2.5161290322580645,0.34615384615384615,4.67741935483871,7.193548387096774,1.6451612903225807,0.5161290322580645,1.1290322580645162,168.61290322580646,23.193548387096776,23.41766666666666,2.0,105.03225806451613
2452,0.8846153846153846,4.576923076923077,0.19327731092436976,11.346153846153847,15.923076923076923,3.6923076923076925,3.269230769230769,0.4230769230769231,421.0,50.80769230769231,63.336608695652146,5.0,256.0
2454,0.5555555555555556,12.666666666666666,0.043859649122807015,35.833333333333336,48.5,12.11111111111111,9.833333333333334,2.2777777777777777,1445.3333333333333,170.72222222222223,460.5385999999995,2.0,1537.2222222222222
2455,0.9523809523809523,1.9047619047619047,0.5,10.285714285714286,12.19047619047619,0.9523809523809523,0.7619047619047619,0.19047619047619047,367.5238095238095,39.857142857142854,102.21955000000008,4.0,504.5238095238095
2456,0.8571428571428571,2.0714285714285716,0.41379310344827586,15.785714285714286,17.857142857142858,1.2142857142857142,0.9285714285714286,0.2857142857142857,616.5357142857143,74.32142857142857,209.66320833333342,10.0,526.5
2457,0.9444444444444444,2.888888888888889,0.3269230769230769,6.944444444444445,9.833333333333334,1.9444444444444444,1.8888888888888888,0.05555555555555555,316.44444444444446,37.94444444444444,74.91729411764709,8.0,259.94444444444446
2458,0.8823529411764706,2.411764705882353,0.36585365853658536,12.882352941176471,15.294117647058824,1.5294117647058822,1.1176470588235294,0.4117647058823529,740.4705882352941,109.41176470588235,208.57313333333335,4.0,655.4117647058823
2459,0.782608695652174,3.0869565217391304,0.2535211267605634,11.347826086956522,14.434782608695652,2.3043478260869565,1.7826086956521738,0.5217391304347826,680.7391304347826,74.30434782608695,131.01594444444436,17.0,677.0434782608696
2460,0.8846153846153846,3.5,0.25274725274725274,9.5,13.0,2.6153846153846154,2.230769230769231,0.38461538461538464,400.7692307692308,52.69230769230769,184.42317391304337,8.0,281.2307692307692
2461,0.9545454545454546,3.1363636363636362,0.30434782608695654,9.954545454545455,13.090909090909092,2.1818181818181817,1.8636363636363635,0.3181818181818182,550.6818181818181,53.27272727272727,119.92195238095235,14.0,218.0909090909091
2487,0.64,3.8,0.16842105263157894,22.64,26.44,3.16,1.6,1.56,2293.04,247.16,377.5143125000001,17.0,2906.48
2488,0.7619047619047619,7.809523809523809,0.0975609756097561,24.714285714285715,32.523809523809526,7.0476190476190474,5.809523809523809,1.2380952380952381,1479.952380952381,179.95238095238096,0.0,14.0,1610.142857142857
2489,0.631578947368421,7.421052631578948,0.0851063829787234,23.842105263157894,31.263157894736842,6.7894736842105265,4.894736842105263,1.894736842105263,2518.7894736842104,251.52631578947367,282.10233333333207,13.0,4458.1578947368425
2530,0.6190476190476191,7.809523809523809,0.07926829268292683,32.095238095238095,39.904761904761905,7.190476190476191,6.285714285714286,0.9047619047619048,1308.1904761904761,157.66666666666666,303.7463076923071,8.0,1197.0
2531,0.375,11.3125,0.03314917127071823,25.625,36.9375,10.9375,9.4375,1.5,1669.75,254.0,550.8733333333327,19.0,1224.5625
2532,0.5294117647058824,3.823529411764706,0.13846153846153847,33.529411764705884,37.35294117647059,3.2941176470588234,2.588235294117647,0.7058823529411765,1251.8823529411766,173.8235294117647,224.77933333333354,12.0,1572.3529411764705
2535,0.631578947368421,8.052631578947368,0.0784313725490196,13.263157894736842,21.31578947368421,7.421052631578948,5.578947368421052,1.8421052631578947,895.7368421052631,124.47368421052632,204.24199999999962,6.0,845.1052631578947
2536,0.55,9.05,0.06077348066298342,28.45,37.5,8.5,6.9,1.6,1408.7,174.25,354.5528181818182,25.0,931.1
2537,0.36363636363636365,8.409090909090908,0.043243243243243246,23.59090909090909,32.0,8.045454545454545,6.5,1.5454545454545454,1027.5454545454545,131.77272727272728,0.0,15.0,718.9545454545455
2538,0.4166666666666667,3.4583333333333335,0.12048192771084337,17.958333333333332,21.416666666666668,3.0416666666666665,2.2916666666666665,0.75,871.0833333333334,116.16666666666667,872.0844999999999,16.0,708.4583333333334
2588,0.625,2.9375,0.2127659574468085,17.875,20.8125,2.3125,1.5,0.8125,532.0,57.3125,36.08310000000001,8.0,492.8125
2590,0.7647058823529411,2.235294117647059,0.34210526315789475,9.470588235294118,11.705882352941176,1.4705882352941178,1.2941176470588236,0.17647058823529413,229.2941176470588,24.294117647058822,39.790000000000006,2.0,156.7058823529412
2594,0.5,9.5,0.05263157894736842,21.8,31.3,9.0,6.3,2.7,821.2,99.25,113.65009999999992,11.0,531.35
2618,0.76,4.92,0.15447154471544716,23.92,28.84,4.16,2.4,1.76,1120.56,175.4,374.5863684210521,11.0,1313.12
2619,0.7083333333333334,7.583333333333333,0.09340659340659341,18.083333333333332,25.666666666666668,6.875,4.0,2.875,865.4166666666666,116.04166666666667,0.0,9.0,889.5833333333334
2620,0.875,2.4583333333333335,0.3559322033898305,12.416666666666666,14.875,1.5833333333333333,0.875,0.7083333333333334,439.8333333333333,55.25,93.08114285714275,8.0,765.0
2621,0.7083333333333334,4.833333333333333,0.14655172413793102,13.625,18.458333333333332,4.125,2.25,1.875,951.9583333333334,129.875,440.42117647058717,6.0,1263.2916666666667
2622,0.625,7.333333333333333,0.08522727272727272,25.291666666666668,32.625,6.708333333333333,5.25,1.4583333333333333,1247.0416666666667,154.41666666666666,234.0511333333332,13.0,1276.0833333333333
2623,0.6333333333333333,9.533333333333333,0.06643356643356643,28.233333333333334,37.766666666666666,8.9,6.333333333333333,2.566666666666667,1244.1,181.7,474.9369473684208,10.0,872.4666666666667
2624,0.84,7.72,0.10880829015544041,19.84,27.56,6.88,1.8,5.08,715.28,104.2,136.95299999999983,8.0,555.08
2625,0.6071428571428571,12.785714285714286,0.04748603351955307,16.928571428571427,29.714285714285715,12.178571428571429,8.25,3.9285714285714284,837.6428571428571,132.67857142857142,207.04170588235283,9.0,759.5714285714286
2626,0.9,4.85,0.18556701030927836,13.9,18.75,3.95,2.4,1.55,558.6,62.65,377.21227777777744,9.0,430.6
2627,0.8636363636363636,2.8636363636363638,0.30158730158730157,15.5,18.363636363636363,2.0,1.4545454545454546,0.5454545454545454,648.3636363636364,83.5,61.440210526315816,7.0,478.90909090909093
2667,0.8125,7.4375,0.1092436974789916,17.75,25.1875,6.625,6.0625,0.5625,532.6875,75.6875,236.11815384615377,10.0,301.3125
2671,0.875,1.5,0.5833333333333334,3.8125,5.3125,0.625,0.125,0.5,402.8125,15.0,33.49921428571437,3.0,48.8125
2672,0.8518518518518519,3.6296296296296298,0.23469387755102042,9.666666666666666,13.296296296296296,2.7777777777777777,0.7407407407407407,2.037037037037037,472.4074074074074,32.851851851851855,51.53860869565205,9.0,193.44444444444446
2673,0.9142857142857143,3.085714285714286,0.2962962962962963,7.914285714285715,11.0,2.1714285714285713,0.4,1.7714285714285714,458.25714285714287,26.942857142857143,13.902499999999955,13.0,110.08571428571429
2683,0.8888888888888888,9.88888888888889,0.0898876404494382,16.833333333333332,26.72222222222222,9.0,5.666666666666667,3.3333333333333335,1201.0,98.55555555555556,269.2912499999996,10.0,356.5
2847,0.9130434782608695,2.260869565217391,0.40384615384615385,4.304347826086956,6.565217391304348,1.3478260869565217,1.0,0.34782608695652173,427.5217391304348,24.347826086956523,244.54833333333187,4.0,116.47826086956522
2874,0.6363636363636364,7.318181818181818,0.08695652173913043,19.636363636363637,26.954545454545453,6.681818181818182,5.5,1.1818181818181819,775.5909090909091,86.72727272727273,304.61342857142785,6.0,931.4545454545455
2918,0.6129032258064516,8.193548387096774,0.07480314960629922,18.870967741935484,27.06451612903226,7.580645161290323,4.451612903225806,3.129032258064516,646.7096774193549,101.6774193548387,0.0,18.0,505.3225806451613
2919,0.8064516129032258,2.4516129032258065,0.32894736842105265,4.870967741935484,7.32258064516129,1.6451612903225807,1.1290322580645162,0.5161290322580645,298.51612903225805,31.322580645161292,63.71035999999998,10.0,129.41935483870967
2920,0.6857142857142857,9.314285714285715,0.0736196319018405,21.942857142857143,31.257142857142856,8.628571428571428,4.3428571428571425,4.285714285714286,706.0,107.62857142857143,42.30666666666665,35.0,598.8285714285714
2921,0.6666666666666666,7.388888888888889,0.09022556390977443,14.61111111111111,22.0,6.722222222222222,3.9722222222222223,2.75,585.8888888888889,77.19444444444444,92.59129166666666,15.0,392.94444444444446
2922,0.7142857142857143,4.523809523809524,0.15789473684210525,20.61904761904762,25.142857142857142,3.8095238095238093,1.1428571428571428,2.6666666666666665,500.1904761904762,73.85714285714286,67.4607333333333,12.0,341.8095238095238
2924,0.8,3.422222222222222,0.23376623376623376,9.466666666666667,12.88888888888889,2.6222222222222222,1.5777777777777777,1.0444444444444445,303.24444444444447,39.37777777777778,58.44119444444425,10.0,167.64444444444445
2925,0.625,5.333333333333333,0.1171875,16.666666666666668,22.0,4.708333333333333,2.0416666666666665,2.6666666666666665,413.25,65.625,156.26533333333322,4.0,211.91666666666666
2926,0.6086956521739131,6.130434782608695,0.09929078014184398,13.26086956521739,19.391304347826086,5.521739130434782,4.478260869565218,1.0434782608695652,530.695652173913,70.3913043478261,74.58385714285714,10.0,289.0
2927,0.7804878048780488,6.170731707317073,0.12648221343873517,11.804878048780488,17.975609756097562,5.390243902439025,2.8292682926829267,2.5609756097560976,450.390243902439,72.4390243902439,101.78590624999993,17.0,277.9024390243902
2928,0.8372093023255814,5.604651162790698,0.14937759336099585,8.255813953488373,13.86046511627907,4.767441860465116,2.511627906976744,2.255813953488372,381.3720930232558,43.16279069767442,123.50938888888885,12.0,229.4418604651163
2930,0.8064516129032258,3.838709677419355,0.21008403361344538,14.419354838709678,18.258064516129032,3.032258064516129,1.5483870967741935,1.4838709677419355,543.0322580645161,77.19354838709677,100.25155999999984,10.0,236.51612903225808
2931,1.0,4.5,0.2222222222222222,13.409090909090908,17.90909090909091,3.5,1.0909090909090908,2.409090909090909,282.0,45.04545454545455,26.71540909090908,3.0,210.72727272727272
2932,0.8695652173913043,3.652173913043478,0.23809523809523808,11.652173913043478,15.304347826086957,2.782608695652174,2.0434782608695654,0.7391304347826086,432.39130434782606,64.56521739130434,26.341899999999992,8.0,233.52173913043478
2935,0.8,6.12,0.13071895424836602,12.2,18.32,5.32,3.8,1.52,364.6,45.52,146.41015,4.0,288.6
2936,0.6842105263157895,4.947368421052632,0.13829787234042554,17.473684210526315,22.42105263157895,4.2631578947368425,0.47368421052631576,3.789473684210526,499.0,86.47368421052632,16.16161538461537,5.0,339.94736842105266
2937,0.7647058823529411,4.823529411764706,0.15853658536585366,13.588235294117647,18.41176470588235,4.0588235294117645,1.411764705882353,2.6470588235294117,637.3529411764706,89.05882352941177,228.89715384615403,3.0,341.1764705882353
2938,0.8461538461538461,4.076923076923077,0.20754716981132076,8.653846153846153,12.73076923076923,3.230769230769231,0.9230769230769231,2.3076923076923075,832.8846153846154,49.84615384615385,64.48563636363622,6.0,232.73076923076923
2944,0.75,5.625,0.13333333333333333,18.0625,23.6875,4.875,1.25,3.625,682.5,110.3125,13.732083333333337,9.0,439.375
2946,0.6666666666666666,4.111111111111111,0.16216216216216217,20.444444444444443,24.555555555555557,3.4444444444444446,2.3333333333333335,1.1111111111111112,724.8333333333334,111.0,0.0,13.0,496.1666666666667
2966,0.7878787878787878,7.393939393939394,0.10655737704918032,14.030303030303031,21.424242424242426,6.606060606060606,3.515151515151515,3.090909090909091,710.3636363636364,92.87878787878788,163.68269230769232,13.0,396.1515151515151
2967,0.625,7.96875,0.0784313725490196,21.75,29.71875,7.34375,3.625,3.71875,753.71875,104.0625,229.68029999999993,23.0,433.46875
2968,0.5806451612903226,4.161290322580645,0.13953488372093023,14.419354838709678,18.580645161290324,3.5806451612903225,1.032258064516129,2.5483870967741935,679.0322580645161,102.16129032258064,71.56038888888887,9.0,380.4516129032258
2969,0.5,18.25,0.0273972602739726,26.65,44.9,17.75,13.2,4.55,1347.45,165.95,240.89179999999948,15.0,757.45
2970,0.6785714285714286,4.428571428571429,0.1532258064516129,18.928571428571427,23.357142857142858,3.75,2.607142857142857,1.1428571428571428,688.4642857142857,101.60714285714286,72.41963157894735,12.0,381.64285714285717
2971,0.8260869565217391,7.608695652173913,0.10857142857142857,13.73913043478261,21.347826086956523,6.782608695652174,5.0,1.7826086956521738,562.7391304347826,73.95652173913044,138.1354210526316,8.0,325.04347826086956
2972,0.8518518518518519,4.555555555555555,0.18699186991869918,9.37037037037037,13.925925925925926,3.7037037037037037,2.4074074074074074,1.2962962962962963,534.9629629629629,69.74074074074075,299.7197826086955,16.0,263.8888888888889
2973,0.7317073170731707,11.097560975609756,0.06593406593406594,19.853658536585368,30.951219512195124,10.365853658536585,9.073170731707316,1.2926829268292683,799.0975609756098,109.51219512195122,172.0834333333332,34.0,416.6341463414634
2974,0.7307692307692307,7.038461538461538,0.10382513661202186,14.384615384615385,21.423076923076923,6.3076923076923075,2.8076923076923075,3.5,842.6153846153846,116.92307692307692,248.24715789473666,14.0,328.96153846153845
2975,0.7741935483870968,6.903225806451613,0.11214953271028037,11.741935483870968,18.64516129032258,6.129032258064516,3.5483870967741935,2.5806451612903225,684.7096774193549,86.93548387096774,190.1499166666666,14.0,339.48387096774195
3031,0.9230769230769231,2.128205128205128,0.43373493975903615,9.538461538461538,11.666666666666666,1.205128205128205,0.6923076923076923,0.5128205128205128,455.35897435897436,38.61538461538461,45.68919444444444,7.0,195.33333333333334
3032,0.9117647058823529,3.0294117647058822,0.30097087378640774,12.470588235294118,15.5,2.1176470588235294,1.411764705882353,0.7058823529411765,782.6764705882352,56.44117647058823,149.0276774193545,22.0,312.70588235294116
3033,0.8421052631578947,2.5789473684210527,0.32653061224489793,21.789473684210527,24.36842105263158,1.736842105263158,1.3157894736842106,0.42105263157894735,509.7894736842105,61.89473684210526,59.549124999999975,9.0,323.2105263157895
3034,0.7916666666666666,7.541666666666667,0.10497237569060773,21.833333333333332,29.375,6.75,1.5416666666666667,5.208333333333333,1265.8333333333333,93.29166666666667,437.21784210526204,9.0,538.25
3035,0.7368421052631579,3.8947368421052633,0.1891891891891892,24.68421052631579,28.57894736842105,3.1578947368421053,1.736842105263158,1.4210526315789473,1376.1052631578948,136.47368421052633,256.38135714285687,15.0,938.0
3036,0.8636363636363636,2.090909090909091,0.41304347826086957,5.909090909090909,8.0,1.2272727272727273,0.8181818181818182,0.4090909090909091,249.04545454545453,17.272727272727273,39.42699999999995,1.0,116.77272727272727
3037,0.9375,1.84375,0.5084745762711864,7.34375,9.1875,0.90625,0.25,0.65625,535.40625,34.65625,181.82763333333227,13.0,143.84375
3038,0.6551724137931034,5.103448275862069,0.12837837837837837,22.137931034482758,27.24137931034483,4.448275862068965,2.8620689655172415,1.5862068965517242,788.3793103448276,60.689655172413794,251.36889473684522,10.0,295.6551724137931
3039,0.6363636363636364,7.03030303030303,0.09051724137931035,23.181818181818183,30.21212121212121,6.393939393939394,4.121212121212121,2.272727272727273,1581.6666666666667,141.3030303030303,322.97290476190506,15.0,744.030303030303
3041,0.6764705882352942,4.352941176470588,0.1554054054054054,16.41176470588235,20.764705882352942,3.676470588235294,2.7941176470588234,0.8823529411764706,704.8235294117648,60.35294117647059,134.4871739130433,17.0,373.05882352941177
3053,0.8235294117647058,2.3529411764705883,0.35,10.764705882352942,13.117647058823529,1.5294117647058822,0.35294117647058826,1.1764705882352942,947.7058823529412,61.35294117647059,183.8542142857139,4.0,369.0
3054,0.8333333333333334,1.9444444444444444,0.42857142857142855,8.38888888888889,10.333333333333334,1.1111111111111112,0.4444444444444444,0.6666666666666666,825.1666666666666,69.5,19.159800000000146,3.0,539.3333333333334
3055,0.8823529411764706,4.588235294117647,0.19230769230769232,15.058823529411764,19.647058823529413,3.7058823529411766,2.764705882352941,0.9411764705882353,1121.1764705882354,86.41176470588235,120.40093333333174,13.0,587.5294117647059
3057,0.8421052631578947,2.789473684210526,0.3018867924528302,13.421052631578947,16.210526315789473,1.9473684210526316,1.368421052631579,0.5789473684210527,1299.7894736842106,81.10526315789474,462.28881250000256,12.0,572.2105263157895
3058,0.9444444444444444,2.3333333333333335,0.40476190476190477,13.166666666666666,15.5,1.3888888888888888,1.0555555555555556,0.3333333333333333,845.0,61.22222222222222,195.5684117647046,5.0,599.0
3060,0.5294117647058824,6.235294117647059,0.08490566037735849,26.647058823529413,32.88235294117647,5.705882352941177,4.176470588235294,1.5294117647058822,1198.0588235294117,131.23529411764707,200.57622222222133,9.0,1023.9411764705883
3062,0.7,11.1,0.06306306306306306,16.9,28.0,10.4,8.9,1.5,1593.05,207.0,647.0022857142847,13.0,702.65
3063,0.6774193548387096,3.967741935483871,0.17073170731707318,24.225806451612904,28.193548387096776,3.2903225806451615,2.3870967741935485,0.9032258064516129,1594.7096774193549,207.5483870967742,366.61719047619107,12.0,1137.6774193548388
3065,0.625,6.0,0.10416666666666667,56.375,62.375,5.375,4.0,1.375,1288.125,169.6875,260.45050000000003,5.0,884.5
3067,0.47058823529411764,2.7058823529411766,0.17391304347826086,22.352941176470587,25.058823529411764,2.235294117647059,1.411764705882353,0.8235294117647058,1442.5294117647059,196.05882352941177,707.5558749999994,10.0,815.0
3068,0.5263157894736842,8.789473684210526,0.059880239520958084,28.63157894736842,37.421052631578945,8.263157894736842,6.315789473684211,1.9473684210526316,2009.7894736842106,263.89473684210526,59.27509999999967,19.0,1123.8947368421052
3069,0.5652173913043478,8.73913043478261,0.06467661691542288,27.217391304347824,35.95652173913044,8.173913043478262,5.478260869565218,2.6956521739130435,1361.4782608695652,180.2608695652174,537.013538461538,21.0,917.4782608695652
3087,0.3333333333333333,8.142857142857142,0.04093567251461988,25.714285714285715,33.857142857142854,7.809523809523809,3.8095238095238093,4.0,1404.6666666666667,161.57142857142858,406.55842857142846,25.0,1007.0952380952381
3089,0.7916666666666666,5.0,0.15833333333333333,30.583333333333332,35.583333333333336,4.208333333333333,3.375,0.8333333333333334,1030.0,117.79166666666667,122.6532631578948,17.0,1033.125
3095,0.6111111111111112,12.555555555555555,0.048672566371681415,19.166666666666668,31.72222222222222,11.944444444444445,7.722222222222222,4.222222222222222,1214.7777777777778,159.11111111111111,433.83990909090767,15.0,858.2222222222222
3096,0.5625,3.6875,0.15254237288135594,21.0,24.6875,3.125,3.0625,0.0625,868.5625,105.25,434.93211111111134,7.0,936.25
3123,0.6666666666666666,3.9444444444444446,0.16901408450704225,22.0,25.944444444444443,3.2777777777777777,0.8888888888888888,2.388888888888889,1149.2222222222222,93.77777777777777,75.51549999999996,14.0,562.2222222222222
3124,0.6,8.25,0.07272727272727272,17.2,25.45,7.65,2.85,4.8,587.65,84.3,139.62949999999992,3.0,381.1
3134,0.7083333333333334,4.916666666666667,0.1440677966101695,15.5,20.416666666666668,4.208333333333333,2.1666666666666665,2.0416666666666665,891.0,77.5,133.34217647058642,14.0,408.9583333333333
3135,0.7647058823529411,3.0,0.2549019607843137,12.176470588235293,15.176470588235293,2.235294117647059,0.7647058823529411,1.4705882352941178,798.4117647058823,82.6470588235294,380.12438461538284,6.0,409.52941176470586
3137,0.5,5.1875,0.0963855421686747,20.1875,25.375,4.6875,2.75,1.9375,816.125,76.125,183.4327499999979,3.0,563.875
3138,0.8181818181818182,7.5,0.10909090909090909,22.272727272727273,29.772727272727273,6.681818181818182,5.7272727272727275,0.9545454545454546,1326.4545454545455,113.13636363636364,327.6746666666688,4.0,694.0
3139,0.7083333333333334,3.6666666666666665,0.19318181818181818,23.291666666666668,26.958333333333332,2.9583333333333335,1.7916666666666667,1.1666666666666667,971.25,117.79166666666667,164.35694117647063,11.0,483.7916666666667
3141,0.72,5.44,0.1323529411764706,20.96,26.4,4.72,4.04,0.68,788.4,90.56,232.9796111111111,10.0,669.36
3176,0.7941176470588235,2.235294117647059,0.35526315789473684,14.029411764705882,16.264705882352942,1.4411764705882353,0.9705882352941176,0.47058823529411764,1236.3235294117646,93.44117647058823,58.562518518518544,10.0,633.4705882352941
3177,0.8695652173913043,4.434782608695652,0.19607843137254902,12.826086956521738,17.26086956521739,3.5652173913043477,2.217391304347826,1.3478260869565217,1179.7391304347825,82.0,41.122200000000035,6.0,568.7391304347826
3179,0.48148148148148145,2.6296296296296298,0.18309859154929578,17.185185185185187,19.814814814814813,2.1481481481481484,0.9259259259259259,1.2222222222222223,1007.1851851851852,118.22222222222223,88.83669230769232,5.0,510.25925925925924
3180,0.8055555555555556,2.5277777777777777,0.31868131868131866,12.222222222222221,14.75,1.7222222222222223,0.6944444444444444,1.0277777777777777,875.3611111111111,63.19444444444444,134.24017241379286,9.0,299.97222222222223
3181,0.8571428571428571,4.0,0.21428571428571427,14.761904761904763,18.761904761904763,3.142857142857143,2.4761904761904763,0.6666666666666666,1648.6666666666667,112.04761904761905,150.2464444444445,10.0,835.8571428571429
3183,0.625,3.5,0.17857142857142858,29.333333333333332,32.833333333333336,2.875,1.75,1.125,946.875,120.54166666666667,271.1323999999998,11.0,494.875
3184,0.3888888888888889,4.055555555555555,0.0958904109589041,24.61111111111111,28.666666666666668,3.6666666666666665,2.5555555555555554,1.1111111111111112,1584.5555555555557,176.44444444444446,0.0,22.0,633.8888888888889
3207,0.8260869565217391,2.8260869565217392,0.2923076923076923,11.956521739130435,14.782608695652174,2.0,0.782608695652174,1.2173913043478262,792.695652173913,57.130434782608695,398.5034210526299,25.0,433.4347826086956
3210,0.4375,3.4375,0.12727272727272726,15.3125,18.75,3.0,1.0,2.0,2008.6875,116.1875,172.40828571428327,13.0,793.0625
3229,1.0,1.6097560975609757,0.6212121212121212,2.1219512195121952,3.731707317073171,0.6097560975609756,0.12195121951219512,0.4878048780487805,147.97560975609755,12.902439024390244,105.14743902439018,7.0,53.8780487804878
3309,0.8260869565217391,9.304347826086957,0.08878504672897196,20.52173913043478,29.82608695652174,8.478260869565217,2.869565217391304,5.608695652173913,1505.2608695652175,88.08695652173913,57.915578947367855,8.0,358.82608695652175
3583,0.625,2.4375,0.2564102564102564,11.25,13.6875,1.8125,0.375,1.4375,1328.4375,64.625,193.43519999999853,5.0,438.5625
3680,0.8125,2.25,0.3611111111111111,19.5625,21.8125,1.4375,0.5625,0.875,2428.125,118.25,161.82615384615235,14.0,498.0625
